{
  "cacheBootResources": true,
  "config": [ ],
  "debugBuild": false,
  "entryAssembly": "CyberTool.Client",
  "linkerEnabled": true,
  "resources": {
    "assembly": {
      "CyberTool.Client.dll": "sha256-Yxe984dka4SJnUDH7fEPjuYG5xMQxnMYf1qBAIpsBfc=",
      "Microsoft.AspNetCore.Components.Authorization.dll": "sha256-2jPw2JbMXfj9Aoi0UZSjiVTHjTNqH\/UZ6Og0xyOMRj8=",
      "Microsoft.AspNetCore.Components.dll": "sha256-WrdmpPhkRqm8dyd+XWYJgOoCSiailPUGHFS5auZJYVI=",
      "Microsoft.AspNetCore.Components.Forms.dll": "sha256-+XiIBoheqtR17reRPMdAuuWRv6Usw\/5oOSOuxUHzYZw=",
      "Microsoft.AspNetCore.Components.Web.dll": "sha256-n0GYMGDokseCgk\/qQlEbLKOrhySU8Fhtv5IVyxVzPeo=",
      "Microsoft.AspNetCore.Components.WebAssembly.dll": "sha256-BQLqI3fms6NfPqdcVJFrjJdBqWnb662M6dykHJSi3PA=",
      "Microsoft.Bcl.AsyncInterfaces.dll": "sha256-OBWh2or+2mU6elwqPfmL72FBZVKl2WzTJ4L\/IrKeXM4=",
      "Microsoft.CSharp.dll": "sha256-WrqkYD6j1T5zrV4VG5Y38JTbWM6uOfFckSGWIrM36Rk=",
      "Microsoft.Extensions.Configuration.Abstractions.dll": "sha256-DVV4PO8FuHK9YjsyAOuHa1Fy359O5Bp8Q+Wfgv5enGU=",
      "Microsoft.Extensions.Configuration.dll": "sha256-CiyyqcejtMxqFrWPVEvlm8RS+KgrwhZInl1oa8zyvsY=",
      "Microsoft.Extensions.Configuration.Json.dll": "sha256-UEtV55rm4SJoEKdxizdiKNpOAYV5qDZQ4+iOecwU1MI=",
      "Microsoft.Extensions.DependencyInjection.Abstractions.dll": "sha256-Yb+yjPM7zsHYDc8zwuMdscKeL9J2zRmaq1rCis9mWGQ=",
      "Microsoft.Extensions.DependencyInjection.dll": "sha256-5ihOF7eV5F6roOQcDak2+utixxC1x47vL7r\/0NbJnxc=",
      "Microsoft.Extensions.Logging.Abstractions.dll": "sha256-Sr989WEYx9mz2gVrQRWu9l6lcBsZxCA0wt1n6tsLhr4=",
      "Microsoft.Extensions.Logging.dll": "sha256-1PRjQpSjwQZyApZY9Gqrp6JwjoEWuTCQAIizaaaq3tE=",
      "Microsoft.Extensions.Options.dll": "sha256-4v\/QS0f3tNhVwmJj7jXqtzqYoxLL72cKrcFDWMz4H\/o=",
      "Microsoft.Extensions.Primitives.dll": "sha256-OBtjmqkKMnoPm\/TydKObQQGqqXqnJ0bIYkSOZxBpw6E=",
      "Microsoft.IdentityModel.JsonWebTokens.dll": "sha256-A16LXKleAGTyEFC3MaZYjmFUmNcULdAFqNka+aE5I9c=",
      "Microsoft.IdentityModel.Logging.dll": "sha256-uVd\/6DcrflkV2DWka2NPxD7Q437dKA1Ud\/clDAsVTzI=",
      "Microsoft.IdentityModel.Tokens.dll": "sha256-hAFY\/CYQXo\/XIddvIMeYqhZBWOnZjpFoHGXmBFJl9WY=",
      "Microsoft.JSInterop.dll": "sha256-wPVE+fg2Wfgm+nAD92XCPaxVbvDC8sg8uzPDi5\/1hCE=",
      "Microsoft.JSInterop.WebAssembly.dll": "sha256-dwm+rKImjhxtOmHHVpSxOgl2oh2R26xOWihLaZSv7Vs=",
      "Mono.Security.dll": "sha256-ElTqJiSAzjjwJXEV6Ps7j\/QYxrJ2h6sCdDD4BXVKzBQ=",
      "mscorlib.dll": "sha256-\/MxVBK6OU7xI8hTmVJHsrkD+7VTaT7tmCefgj+oXwq0=",
      "netstandard.dll": "sha256-duIwULD5+Fdz1shuPEInZKxE4bd+v8n3YzCcVNx2iSc=",
      "Radzen.Blazor.dll": "sha256-2C\/494O\/UG6emQCHlTETpqkYYo\/TltRRV1wDbNVDJ6A=",
      "System.ComponentModel.DataAnnotations.dll": "sha256-ClOVAo2gZufwwzX1N9mq+eo6DkQc5i1xvJD8Kkf\/v6A=",
      "System.Core.dll": "sha256-KPpSsScM9W3+Qrhnp2lFptMXHBPJ+dE\/aHSV7vmo4ic=",
      "System.Data.dll": "sha256-UdWeLOWeEA\/ptbB2AO1QoEZwBo+HxghEU3rKE1tMLLg=",
      "System.dll": "sha256-QwvOJfthCSHpOKBl6RfI1nTQpeZml2H+BywLrkOMySM=",
      "System.IdentityModel.Tokens.Jwt.dll": "sha256-342zoWPbNPi3wp\/W5yf+lVWm40iVAT1gN8mb45K+yDw=",
      "System.Linq.Dynamic.Core.dll": "sha256-Ib1x6taU7w5agPwI1hsb6a2JO0DQkg63rNr6sbeS8kQ=",
      "System.Net.Http.dll": "sha256-V5YVS6PAA+frYItiRGgvrRTPErmCkQB\/BcTu+vn3q3I=",
      "System.Net.Http.WebAssemblyHttpHandler.dll": "sha256-t9v2tjmM2zb2\/qlo1xXLv3Fc43jLqT0RDakQwSKktxU=",
      "System.Numerics.dll": "sha256-M4QTmHxeXu0KCq0RyBVcKpzy8esvsdsfe\/aiINkvfAg=",
      "System.Runtime.CompilerServices.Unsafe.dll": "sha256-xGd+az4Rt6bjUo4s\/kSa32xFpEjsJUAsjS3d4v\/Bkio=",
      "System.Runtime.Serialization.dll": "sha256-CjcRKtHxfUPk+hWgHNA0qOpk6LF7As3N8Wl0iBHHPMw=",
      "System.Text.Encodings.Web.dll": "sha256-PCYsb9eykt6vL2AJ2TNSVn7gYvT3ULJ+trEf5nRTvJU=",
      "System.Text.Json.dll": "sha256-Vl9OED7A4PN55+E4yBF0xqgQlonAPcHkzMv5jiv5xqI=",
      "System.Xml.dll": "sha256-WHlYW2eJO2mjSp34Y7BOHvIwzpccp0P9x2QWtn2CC28=",
      "System.Xml.Linq.dll": "sha256-UF\/JCpLP7MK1aMe5GO1+wSW0lfbgbyvE0C91mKLvuzs=",
      "WebAssembly.Bindings.dll": "sha256-Q3in+MUkwHTP+Q9BuH3mUN\/oXn6D5ZNHpNajq\/Gmorw="
    },
    "pdb": null,
    "runtime": {
      "dotnet.3.2.0.js": "sha256-mPoqx7XczFHBWk3gRNn0hc9ekG1OvkKY4XiKRY5Mj5U=",
      "dotnet.timezones.dat": "sha256-3S0qzYaBEKOBXarzVLNzNAFXlwJr6nI3lFlYUpQTPH8=",
      "dotnet.wasm": "sha256-UC\/3Rm1NkdNdlIrzYARo+dO\/HDlS5mhPxo0IQv7kma8="
    },
    "satelliteResources": null
  }
}